[{"model": "rworkflow.workflow", "pk": 1, "fields": {"created_at": "2020-08-13T00:57:41.310Z", "updated_at": "2020-08-13T07:39:43.186Z", "created_by": "", "updated_by": "root", "name": "\u901a\u7528\u6d41\u7a0b", "code": null, "content_type": 16, "object_id": null, "app_label": "rworkflow", "model_name": "wforder", "status_field": "rstatus", "init_status_value": null, "category": null, "is_active": true, "weight": 99}}, {"model": "rworkflow.workflow", "pk": 2, "fields": {"created_at": "2020-08-13T03:25:17.397Z", "updated_at": "2020-08-13T07:16:50.664Z", "created_by": "", "updated_by": "root", "name": "\u8bf7\u5047\u6d41\u7a0b", "code": null, "content_type": 16, "object_id": null, "app_label": "rworkflow", "model_name": "wforder", "status_field": "rstatus", "init_status_value": null, "category": null, "is_active": true, "weight": 99}}, {"model": "rworkflow.workflow", "pk": 3, "fields": {"created_at": "2020-08-13T08:58:44.457Z", "updated_at": "2020-08-13T09:15:04.389Z", "created_by": "root", "updated_by": "root", "name": "\u91c7\u8d2d\u6d41\u7a0b", "code": null, "content_type": 16, "object_id": null, "app_label": "rworkflow", "model_name": "wforder", "status_field": "rstatus", "init_status_value": null, "category": null, "is_active": true, "weight": 99}}, {"model": "rworkflow.transitionmeta", "pk": 1, "fields": {"created_at": "2020-08-13T00:58:07.115Z", "updated_at": "2020-08-13T00:58:07.115Z", "created_by": "", "updated_by": "", "name": "", "code": "", "workflow": 1, "source_state": 1, "destination_state": 2, "weight": 9}}, {"model": "rworkflow.transitionmeta", "pk": 2, "fields": {"created_at": "2020-08-13T00:58:24.764Z", "updated_at": "2020-08-13T00:58:24.764Z", "created_by": "", "updated_by": "", "name": "", "code": "", "workflow": 1, "source_state": 2, "destination_state": 3, "weight": 9}}, {"model": "rworkflow.transitionmeta", "pk": 3, "fields": {"created_at": "2020-08-13T00:58:24.765Z", "updated_at": "2020-08-13T00:58:24.765Z", "created_by": "", "updated_by": "", "name": "", "code": "", "workflow": 1, "source_state": 3, "destination_state": 4, "weight": 9}}, {"model": "rworkflow.transitionmeta", "pk": 4, "fields": {"created_at": "2020-08-13T00:58:24.766Z", "updated_at": "2020-08-13T00:58:24.766Z", "created_by": "", "updated_by": "", "name": "", "code": "", "workflow": 1, "source_state": 4, "destination_state": 5, "weight": 9}}, {"model": "rworkflow.transitionmeta", "pk": 5, "fields": {"created_at": "2020-08-13T00:58:24.767Z", "updated_at": "2020-08-13T00:58:24.767Z", "created_by": "", "updated_by": "", "name": "", "code": "", "workflow": 1, "source_state": 4, "destination_state": 2, "weight": 9}}, {"model": "rworkflow.transitionmeta", "pk": 6, "fields": {"created_at": "2020-08-13T03:25:54.156Z", "updated_at": "2020-08-13T03:25:54.156Z", "created_by": "", "updated_by": "", "name": "", "code": "", "workflow": 2, "source_state": 6, "destination_state": 7, "weight": 9}}, {"model": "rworkflow.transitionmeta", "pk": 7, "fields": {"created_at": "2020-08-13T03:26:26.266Z", "updated_at": "2020-08-13T03:26:26.266Z", "created_by": "", "updated_by": "", "name": "", "code": "", "workflow": 2, "source_state": 7, "destination_state": 8, "weight": 9}}, {"model": "rworkflow.transitionmeta", "pk": 8, "fields": {"created_at": "2020-08-13T03:26:26.267Z", "updated_at": "2020-08-13T03:26:26.267Z", "created_by": "", "updated_by": "", "name": "", "code": "", "workflow": 2, "source_state": 7, "destination_state": 9, "weight": 9}}, {"model": "rworkflow.transitionmeta", "pk": 9, "fields": {"created_at": "2020-08-13T09:00:37.954Z", "updated_at": "2020-08-13T09:00:37.954Z", "created_by": "", "updated_by": "", "name": "", "code": "", "workflow": 3, "source_state": 10, "destination_state": 11, "weight": 9}}, {"model": "rworkflow.transitionmeta", "pk": 10, "fields": {"created_at": "2020-08-13T09:06:39.120Z", "updated_at": "2020-08-13T09:08:19.971Z", "created_by": "", "updated_by": "", "name": "", "code": "", "workflow": 3, "source_state": 10, "destination_state": 12, "weight": 9}}, {"model": "rworkflow.transitionmeta", "pk": 11, "fields": {"created_at": "2020-08-13T09:06:39.122Z", "updated_at": "2020-08-13T09:08:10.092Z", "created_by": "", "updated_by": "", "name": "", "code": "", "workflow": 3, "source_state": 11, "destination_state": 13, "weight": 9}}, {"model": "rworkflow.transitionmeta", "pk": 12, "fields": {"created_at": "2020-08-13T09:06:39.123Z", "updated_at": "2020-08-13T09:08:10.094Z", "created_by": "", "updated_by": "", "name": "", "code": "", "workflow": 3, "source_state": 12, "destination_state": 13, "weight": 9}}, {"model": "rworkflow.transitionmeta", "pk": 13, "fields": {"created_at": "2020-08-13T09:06:39.123Z", "updated_at": "2020-08-13T09:08:10.098Z", "created_by": "", "updated_by": "", "name": "", "code": "", "workflow": 3, "source_state": 11, "destination_state": 14, "weight": 9}}, {"model": "rworkflow.transitionmeta", "pk": 14, "fields": {"created_at": "2020-08-13T09:08:10.100Z", "updated_at": "2020-08-13T09:08:10.100Z", "created_by": "", "updated_by": "", "name": "", "code": "", "workflow": 3, "source_state": 12, "destination_state": 14, "weight": 9}}, {"model": "rworkflow.state", "pk": 1, "fields": {"created_at": "2020-08-13T00:57:41.325Z", "updated_at": "2020-08-13T02:24:18.991Z", "created_by": "", "updated_by": "", "workflow": 1, "name": "\u8349\u7a3f", "code": "S001", "is_start": true, "is_stop": false, "is_active": true, "weight": 9, "can_edit": true, "can_suggestion": false, "is_suggestion_required": false, "need_take": false}}, {"model": "rworkflow.state", "pk": 2, "fields": {"created_at": "2020-08-13T00:58:00.158Z", "updated_at": "2020-08-13T00:58:00.158Z", "created_by": "", "updated_by": "", "workflow": 1, "name": "\u6253\u5f00", "code": "S002", "is_start": false, "is_stop": false, "is_active": true, "weight": 9, "can_edit": false, "can_suggestion": false, "is_suggestion_required": false, "need_take": false}}, {"model": "rworkflow.state", "pk": 3, "fields": {"created_at": "2020-08-13T00:58:00.159Z", "updated_at": "2020-08-13T02:46:00.662Z", "created_by": "", "updated_by": "", "workflow": 1, "name": "\u5904\u7406", "code": "S003", "is_start": false, "is_stop": false, "is_active": true, "weight": 9, "can_edit": false, "can_suggestion": true, "is_suggestion_required": true, "need_take": false}}, {"model": "rworkflow.state", "pk": 4, "fields": {"created_at": "2020-08-13T00:58:00.160Z", "updated_at": "2020-08-13T02:45:51.243Z", "created_by": "", "updated_by": "", "workflow": 1, "name": "\u5b8c\u6210", "code": "S004", "is_start": false, "is_stop": false, "is_active": true, "weight": 9, "can_edit": false, "can_suggestion": false, "is_suggestion_required": false, "need_take": false}}, {"model": "rworkflow.state", "pk": 5, "fields": {"created_at": "2020-08-13T00:58:00.161Z", "updated_at": "2020-08-13T00:58:00.161Z", "created_by": "", "updated_by": "", "workflow": 1, "name": "\u5173\u95ed", "code": "S005", "is_start": false, "is_stop": true, "is_active": true, "weight": 9, "can_edit": false, "can_suggestion": false, "is_suggestion_required": false, "need_take": false}}, {"model": "rworkflow.state", "pk": 6, "fields": {"created_at": "2020-08-13T03:25:17.407Z", "updated_at": "2020-08-13T03:50:49.923Z", "created_by": "", "updated_by": "", "workflow": 2, "name": "\u65b0\u5efa", "code": "S006", "is_start": true, "is_stop": false, "is_active": true, "weight": 9, "can_edit": true, "can_suggestion": false, "is_suggestion_required": false, "need_take": false}}, {"model": "rworkflow.state", "pk": 7, "fields": {"created_at": "2020-08-13T03:25:17.409Z", "updated_at": "2020-08-13T03:51:32.196Z", "created_by": "", "updated_by": "", "workflow": 2, "name": "\u5f85\u6279\u51c6", "code": "S007", "is_start": false, "is_stop": false, "is_active": true, "weight": 9, "can_edit": false, "can_suggestion": true, "is_suggestion_required": false, "need_take": false}}, {"model": "rworkflow.state", "pk": 8, "fields": {"created_at": "2020-08-13T03:26:14.324Z", "updated_at": "2020-08-13T03:40:08.724Z", "created_by": "", "updated_by": "", "workflow": 2, "name": "\u5df2\u6279\u51c6", "code": "S008", "is_start": false, "is_stop": true, "is_active": true, "weight": 9, "can_edit": false, "can_suggestion": false, "is_suggestion_required": false, "need_take": false}}, {"model": "rworkflow.state", "pk": 9, "fields": {"created_at": "2020-08-13T03:26:14.326Z", "updated_at": "2020-08-13T03:40:08.725Z", "created_by": "", "updated_by": "", "workflow": 2, "name": "\u5df2\u9a73\u56de", "code": "S009", "is_start": false, "is_stop": true, "is_active": true, "weight": 9, "can_edit": false, "can_suggestion": false, "is_suggestion_required": false, "need_take": false}}, {"model": "rworkflow.state", "pk": 10, "fields": {"created_at": "2020-08-13T08:58:55.943Z", "updated_at": "2020-08-13T10:02:25.200Z", "created_by": "", "updated_by": "root", "workflow": 3, "name": "\u8349\u7a3f", "code": "S010", "is_start": true, "is_stop": false, "is_active": true, "weight": 9, "can_edit": true, "can_suggestion": false, "is_suggestion_required": false, "need_take": false}}, {"model": "rworkflow.state", "pk": 11, "fields": {"created_at": "2020-08-13T09:00:06.471Z", "updated_at": "2020-08-13T09:44:40.721Z", "created_by": "", "updated_by": "root", "workflow": 3, "name": "\u7b49\u5f85\u4e0a\u7ea7\u6279\u51c6", "code": "S011", "is_start": false, "is_stop": false, "is_active": true, "weight": 9, "can_edit": false, "can_suggestion": true, "is_suggestion_required": false, "need_take": false}}, {"model": "rworkflow.state", "pk": 12, "fields": {"created_at": "2020-08-13T09:00:06.473Z", "updated_at": "2020-08-13T09:44:49.608Z", "created_by": "", "updated_by": "root", "workflow": 3, "name": "\u7b49\u5f85\u603b\u7ecf\u7406\u6279\u51c6", "code": "S012", "is_start": false, "is_stop": false, "is_active": true, "weight": 9, "can_edit": false, "can_suggestion": true, "is_suggestion_required": false, "need_take": false}}, {"model": "rworkflow.state", "pk": 13, "fields": {"created_at": "2020-08-13T09:00:06.474Z", "updated_at": "2020-08-13T09:00:06.474Z", "created_by": "", "updated_by": "", "workflow": 3, "name": "\u5df2\u6279\u51c6", "code": "S013", "is_start": false, "is_stop": true, "is_active": true, "weight": 9, "can_edit": false, "can_suggestion": false, "is_suggestion_required": false, "need_take": false}}, {"model": "rworkflow.state", "pk": 14, "fields": {"created_at": "2020-08-13T09:00:06.475Z", "updated_at": "2020-08-13T09:00:06.475Z", "created_by": "", "updated_by": "", "workflow": 3, "name": "\u5df2\u9a73\u56de", "code": "S014", "is_start": false, "is_stop": true, "is_active": true, "weight": 9, "can_edit": false, "can_suggestion": false, "is_suggestion_required": false, "need_take": false}}, {"model": "organization.orgunit", "pk": 1, "fields": {"name": "\u884c\u653f\u90e8\u95e8", "parent": 2}}, {"model": "organization.orgunit", "pk": 2, "fields": {"name": "\u8463\u4e8b\u4f1a", "parent": null}}, {"model": "organization.orgunit", "pk": 3, "fields": {"name": "\u751f\u4ea7\u90e8\u95e8", "parent": 2}}, {"model": "hr.position", "pk": 1, "fields": {"name": "\u603b\u7ecf\u7406", "unit": 2, "parent": null}}, {"model": "hr.position", "pk": 2, "fields": {"name": "\u884c\u653f\u7ecf\u7406", "unit": 1, "parent": null}}, {"model": "hr.position", "pk": 3, "fields": {"name": "\u6280\u672f\u603b\u76d1", "unit": 3, "parent": null}}, {"model": "hr.position", "pk": 4, "fields": {"name": "\u6280\u672f\u5458", "unit": 3, "parent": 3}}, {"model": "auth.permission", "pk": 1, "fields": {"name": "Can add log entry", "content_type": 1, "codename": "add_logentry"}}, {"model": "auth.permission", "pk": 2, "fields": {"name": "Can change log entry", "content_type": 1, "codename": "change_logentry"}}, {"model": "auth.permission", "pk": 3, "fields": {"name": "Can delete log entry", "content_type": 1, "codename": "delete_logentry"}}, {"model": "auth.permission", "pk": 4, "fields": {"name": "Can view log entry", "content_type": 1, "codename": "view_logentry"}}, {"model": "auth.permission", "pk": 5, "fields": {"name": "Can add permission", "content_type": 2, "codename": "add_permission"}}, {"model": "auth.permission", "pk": 6, "fields": {"name": "Can change permission", "content_type": 2, "codename": "change_permission"}}, {"model": "auth.permission", "pk": 7, "fields": {"name": "Can delete permission", "content_type": 2, "codename": "delete_permission"}}, {"model": "auth.permission", "pk": 8, "fields": {"name": "Can view permission", "content_type": 2, "codename": "view_permission"}}, {"model": "auth.permission", "pk": 9, "fields": {"name": "Can add group", "content_type": 3, "codename": "add_group"}}, {"model": "auth.permission", "pk": 10, "fields": {"name": "Can change group", "content_type": 3, "codename": "change_group"}}, {"model": "auth.permission", "pk": 11, "fields": {"name": "Can delete group", "content_type": 3, "codename": "delete_group"}}, {"model": "auth.permission", "pk": 12, "fields": {"name": "Can view group", "content_type": 3, "codename": "view_group"}}, {"model": "auth.permission", "pk": 13, "fields": {"name": "Can add user", "content_type": 4, "codename": "add_user"}}, {"model": "auth.permission", "pk": 14, "fields": {"name": "Can change user", "content_type": 4, "codename": "change_user"}}, {"model": "auth.permission", "pk": 15, "fields": {"name": "Can delete user", "content_type": 4, "codename": "delete_user"}}, {"model": "auth.permission", "pk": 16, "fields": {"name": "Can view user", "content_type": 4, "codename": "view_user"}}, {"model": "auth.permission", "pk": 17, "fields": {"name": "Can add content type", "content_type": 5, "codename": "add_contenttype"}}, {"model": "auth.permission", "pk": 18, "fields": {"name": "Can change content type", "content_type": 5, "codename": "change_contenttype"}}, {"model": "auth.permission", "pk": 19, "fields": {"name": "Can delete content type", "content_type": 5, "codename": "delete_contenttype"}}, {"model": "auth.permission", "pk": 20, "fields": {"name": "Can view content type", "content_type": 5, "codename": "view_contenttype"}}, {"model": "auth.permission", "pk": 21, "fields": {"name": "Can add session", "content_type": 6, "codename": "add_session"}}, {"model": "auth.permission", "pk": 22, "fields": {"name": "Can change session", "content_type": 6, "codename": "change_session"}}, {"model": "auth.permission", "pk": 23, "fields": {"name": "Can delete session", "content_type": 6, "codename": "delete_session"}}, {"model": "auth.permission", "pk": 24, "fields": {"name": "Can view session", "content_type": 6, "codename": "view_session"}}, {"model": "auth.permission", "pk": 25, "fields": {"name": "Can add \u90e8\u95e8\u5355\u5143", "content_type": 7, "codename": "add_orgunit"}}, {"model": "auth.permission", "pk": 26, "fields": {"name": "Can change \u90e8\u95e8\u5355\u5143", "content_type": 7, "codename": "change_orgunit"}}, {"model": "auth.permission", "pk": 27, "fields": {"name": "Can delete \u90e8\u95e8\u5355\u5143", "content_type": 7, "codename": "delete_orgunit"}}, {"model": "auth.permission", "pk": 28, "fields": {"name": "Can view \u90e8\u95e8\u5355\u5143", "content_type": 7, "codename": "view_orgunit"}}, {"model": "auth.permission", "pk": 29, "fields": {"name": "Can add \u89d2\u8272", "content_type": 8, "codename": "add_role"}}, {"model": "auth.permission", "pk": 30, "fields": {"name": "Can change \u89d2\u8272", "content_type": 8, "codename": "change_role"}}, {"model": "auth.permission", "pk": 31, "fields": {"name": "Can delete \u89d2\u8272", "content_type": 8, "codename": "delete_role"}}, {"model": "auth.permission", "pk": 32, "fields": {"name": "Can view \u89d2\u8272", "content_type": 8, "codename": "view_role"}}, {"model": "auth.permission", "pk": 33, "fields": {"name": "Can add \u5c97\u4f4d", "content_type": 9, "codename": "add_position"}}, {"model": "auth.permission", "pk": 34, "fields": {"name": "Can change \u5c97\u4f4d", "content_type": 9, "codename": "change_position"}}, {"model": "auth.permission", "pk": 35, "fields": {"name": "Can delete \u5c97\u4f4d", "content_type": 9, "codename": "delete_position"}}, {"model": "auth.permission", "pk": 36, "fields": {"name": "Can view \u5c97\u4f4d", "content_type": 9, "codename": "view_position"}}, {"model": "auth.permission", "pk": 37, "fields": {"name": "Can add \u804c\u5458", "content_type": 10, "codename": "add_employee"}}, {"model": "auth.permission", "pk": 38, "fields": {"name": "Can change \u804c\u5458", "content_type": 10, "codename": "change_employee"}}, {"model": "auth.permission", "pk": 39, "fields": {"name": "Can delete \u804c\u5458", "content_type": 10, "codename": "delete_employee"}}, {"model": "auth.permission", "pk": 40, "fields": {"name": "Can view \u804c\u5458", "content_type": 10, "codename": "view_employee"}}, {"model": "auth.permission", "pk": 41, "fields": {"name": "Can add \u6d41\u7a0b\u72b6\u6001", "content_type": 11, "codename": "add_state"}}, {"model": "auth.permission", "pk": 42, "fields": {"name": "Can change \u6d41\u7a0b\u72b6\u6001", "content_type": 11, "codename": "change_state"}}, {"model": "auth.permission", "pk": 43, "fields": {"name": "Can delete \u6d41\u7a0b\u72b6\u6001", "content_type": 11, "codename": "delete_state"}}, {"model": "auth.permission", "pk": 44, "fields": {"name": "Can view \u6d41\u7a0b\u72b6\u6001", "content_type": 11, "codename": "view_state"}}, {"model": "auth.permission", "pk": 45, "fields": {"name": "Can add \u6d41\u7a0b\u6d41\u8f6c", "content_type": 12, "codename": "add_transition"}}, {"model": "auth.permission", "pk": 46, "fields": {"name": "Can change \u6d41\u7a0b\u6d41\u8f6c", "content_type": 12, "codename": "change_transition"}}, {"model": "auth.permission", "pk": 47, "fields": {"name": "Can delete \u6d41\u7a0b\u6d41\u8f6c", "content_type": 12, "codename": "delete_transition"}}, {"model": "auth.permission", "pk": 48, "fields": {"name": "Can view \u6d41\u7a0b\u6d41\u8f6c", "content_type": 12, "codename": "view_transition"}}, {"model": "auth.permission", "pk": 49, "fields": {"name": "Can add \u5de5\u4f5c\u6d41\u7a0b", "content_type": 13, "codename": "add_workflow"}}, {"model": "auth.permission", "pk": 50, "fields": {"name": "Can change \u5de5\u4f5c\u6d41\u7a0b", "content_type": 13, "codename": "change_workflow"}}, {"model": "auth.permission", "pk": 51, "fields": {"name": "Can delete \u5de5\u4f5c\u6d41\u7a0b", "content_type": 13, "codename": "delete_workflow"}}, {"model": "auth.permission", "pk": 52, "fields": {"name": "Can view \u5de5\u4f5c\u6d41\u7a0b", "content_type": 13, "codename": "view_workflow"}}, {"model": "auth.permission", "pk": 53, "fields": {"name": "Can add \u6d41\u7a0b\u5206\u7c7b", "content_type": 14, "codename": "add_workflowcategory"}}, {"model": "auth.permission", "pk": 54, "fields": {"name": "Can change \u6d41\u7a0b\u5206\u7c7b", "content_type": 14, "codename": "change_workflowcategory"}}, {"model": "auth.permission", "pk": 55, "fields": {"name": "Can delete \u6d41\u7a0b\u5206\u7c7b", "content_type": 14, "codename": "delete_workflowcategory"}}, {"model": "auth.permission", "pk": 56, "fields": {"name": "Can view \u6d41\u7a0b\u5206\u7c7b", "content_type": 14, "codename": "view_workflowcategory"}}, {"model": "auth.permission", "pk": 57, "fields": {"name": "Can view \u6d41\u7a0b\u5b9e\u4f8b", "content_type": 15, "codename": "view_workflowinstance"}}, {"model": "auth.permission", "pk": 58, "fields": {"name": "Can add \u5de5\u5355", "content_type": 16, "codename": "add_wforder"}}, {"model": "auth.permission", "pk": 59, "fields": {"name": "Can change \u5de5\u5355", "content_type": 16, "codename": "change_wforder"}}, {"model": "auth.permission", "pk": 60, "fields": {"name": "Can delete \u5de5\u5355", "content_type": 16, "codename": "delete_wforder"}}, {"model": "auth.permission", "pk": 61, "fields": {"name": "Can view \u5de5\u5355", "content_type": 16, "codename": "view_wforder"}}, {"model": "auth.permission", "pk": 62, "fields": {"name": "Can add \u6d41\u8f6c\u5143\u6570\u636e", "content_type": 17, "codename": "add_transitionmeta"}}, {"model": "auth.permission", "pk": 63, "fields": {"name": "Can change \u6d41\u8f6c\u5143\u6570\u636e", "content_type": 17, "codename": "change_transitionmeta"}}, {"model": "auth.permission", "pk": 64, "fields": {"name": "Can delete \u6d41\u8f6c\u5143\u6570\u636e", "content_type": 17, "codename": "delete_transitionmeta"}}, {"model": "auth.permission", "pk": 65, "fields": {"name": "Can view \u6d41\u8f6c\u5143\u6570\u636e", "content_type": 17, "codename": "view_transitionmeta"}}, {"model": "auth.permission", "pk": 66, "fields": {"name": "Can add \u6279\u51c6\u5143\u6570\u636e", "content_type": 18, "codename": "add_transitionapprovalmeta"}}, {"model": "auth.permission", "pk": 67, "fields": {"name": "Can change \u6279\u51c6\u5143\u6570\u636e", "content_type": 18, "codename": "change_transitionapprovalmeta"}}, {"model": "auth.permission", "pk": 68, "fields": {"name": "Can delete \u6279\u51c6\u5143\u6570\u636e", "content_type": 18, "codename": "delete_transitionapprovalmeta"}}, {"model": "auth.permission", "pk": 69, "fields": {"name": "Can view \u6279\u51c6\u5143\u6570\u636e", "content_type": 18, "codename": "view_transitionapprovalmeta"}}, {"model": "auth.permission", "pk": 70, "fields": {"name": "Can add \u6d41\u7a0b\u6279\u51c6", "content_type": 19, "codename": "add_transitionapproval"}}, {"model": "auth.permission", "pk": 71, "fields": {"name": "Can change \u6d41\u7a0b\u6279\u51c6", "content_type": 19, "codename": "change_transitionapproval"}}, {"model": "auth.permission", "pk": 72, "fields": {"name": "Can delete \u6d41\u7a0b\u6279\u51c6", "content_type": 19, "codename": "delete_transitionapproval"}}, {"model": "auth.permission", "pk": 73, "fields": {"name": "Can view \u6d41\u7a0b\u6279\u51c6", "content_type": 19, "codename": "view_transitionapproval"}}, {"model": "auth.group", "pk": 1, "fields": {"name": "\u5de5\u5355\u6d4b\u8bd5", "permissions": [58, 59, 60, 61]}}, {"model": "auth.user", "pk": 1, "fields": {"password": "pbkdf2_sha256$150000$D3qa1CWktB1z$rfB2jWoEhzLsCFsvlMxMhtPKsIWqof/lOWeRXm8geNc=", "last_login": "2020-08-13T00:56:42.072Z", "is_superuser": true, "username": "root", "first_name": "", "last_name": "", "email": "", "is_staff": true, "is_active": true, "date_joined": "2020-08-13T00:54:00.804Z", "groups": [], "user_permissions": []}}, {"model": "auth.user", "pk": 2, "fields": {"password": "pbkdf2_sha256$150000$aEJtOZ2O9x2L$aN6DEvjz5p3hmvQxVxuFzGx7AkWY9r4agC2waLnlXpo=", "last_login": "2020-08-13T09:17:00Z", "is_superuser": false, "username": "jishu01", "first_name": "\u6280\u672f\u545801", "last_name": "", "email": "", "is_staff": true, "is_active": true, "date_joined": "2020-08-13T01:09:00Z", "groups": [1], "user_permissions": []}}, {"model": "auth.user", "pk": 3, "fields": {"password": "pbkdf2_sha256$150000$vJicBWyzhfVY$Jd2BNeDc7XGtn/s73tkuVik+/bvTn/4S57Y22pHWoqE=", "last_login": "2020-08-13T09:43:07.762Z", "is_superuser": false, "username": "jishujingli", "first_name": "\u6280\u672f\u7ecf\u7406", "last_name": "", "email": "", "is_staff": true, "is_active": true, "date_joined": "2020-08-13T01:09:00Z", "groups": [1], "user_permissions": []}}, {"model": "auth.user", "pk": 4, "fields": {"password": "pbkdf2_sha256$150000$Gj7X3NmI8vle$QkmWvFLrh0IeFS6/wpCnECcf/rM4zOZgpxSXbgQ5Pqk=", "last_login": null, "is_superuser": false, "username": "xingzheng01", "first_name": "\u884c\u653f\u4e13\u545801", "last_name": "", "email": "", "is_staff": true, "is_active": true, "date_joined": "2020-08-13T01:11:00Z", "groups": [], "user_permissions": []}}, {"model": "hr.employee", "pk": 1, "fields": {"name": "\u5f20\u4e09", "position": 4, "user": 2}}, {"model": "hr.employee", "pk": 2, "fields": {"name": "\u674e\u56db", "position": 3, "user": 3}}, {"model": "hr.employee", "pk": 3, "fields": {"name": "\u738b\u4e94", "position": 2, "user": 4}}, {"model": "rworkflow.transitionapprovalmeta", "pk": 1, "fields": {"created_at": "2020-08-13T00:58:31.285Z", "updated_at": "2020-08-13T07:39:43.192Z", "created_by": "", "updated_by": "", "name": "\u6253\u5f00", "code": "", "workflow": 1, "transition_meta": 1, "priority": 1, "weight": 1, "email_notice": false, "short_message_notice": false, "weixin_notice": false, "handler_type": "subbmiter", "user_handler_function": null, "user_handler_sql": null, "parents": [], "positions": [], "roles": [], "users": [], "orgunits": []}}, {"model": "rworkflow.transitionapprovalmeta", "pk": 3, "fields": {"created_at": "2020-08-13T00:58:42.087Z", "updated_at": "2020-08-13T07:39:43.221Z", "created_by": "", "updated_by": "", "name": "\u5b8c\u6210", "code": "", "workflow": 1, "transition_meta": 3, "priority": 3, "weight": 3, "email_notice": false, "short_message_notice": false, "weixin_notice": false, "handler_type": "subbmiter", "user_handler_function": null, "user_handler_sql": null, "parents": [9], "positions": [], "roles": [], "users": [], "orgunits": []}}, {"model": "rworkflow.transitionapprovalmeta", "pk": 4, "fields": {"created_at": "2020-08-13T00:58:42.103Z", "updated_at": "2020-08-13T07:39:43.244Z", "created_by": "", "updated_by": "", "name": "\u5173\u95ed", "code": "", "workflow": 1, "transition_meta": 4, "priority": 4, "weight": 4, "email_notice": false, "short_message_notice": false, "weixin_notice": false, "handler_type": "subbmiter", "user_handler_function": null, "user_handler_sql": null, "parents": [3], "positions": [], "roles": [], "users": [], "orgunits": []}}, {"model": "rworkflow.transitionapprovalmeta", "pk": 5, "fields": {"created_at": "2020-08-13T00:59:04.430Z", "updated_at": "2020-08-13T07:39:43.267Z", "created_by": "", "updated_by": "", "name": "\u518d\u6253\u5f00", "code": "", "workflow": 1, "transition_meta": 5, "priority": 4, "weight": 4, "email_notice": false, "short_message_notice": false, "weixin_notice": false, "handler_type": "subbmiter", "user_handler_function": null, "user_handler_sql": null, "parents": [3], "positions": [], "roles": [], "users": [], "orgunits": []}}, {"model": "rworkflow.transitionapprovalmeta", "pk": 6, "fields": {"created_at": "2020-08-13T03:26:32.567Z", "updated_at": "2020-08-13T07:15:40.025Z", "created_by": "", "updated_by": "root", "name": "\u63d0\u4ea4", "code": "", "workflow": 2, "transition_meta": 6, "priority": 1, "weight": 9, "email_notice": false, "short_message_notice": false, "weixin_notice": false, "handler_type": "subbmiter", "user_handler_function": null, "user_handler_sql": "", "parents": [], "positions": [], "roles": [], "users": [], "orgunits": []}}, {"model": "rworkflow.transitionapprovalmeta", "pk": 7, "fields": {"created_at": "2020-08-13T03:26:43.757Z", "updated_at": "2020-08-13T07:16:38.763Z", "created_by": "", "updated_by": "", "name": "\u6279\u51c6", "code": "", "workflow": 2, "transition_meta": 7, "priority": 2, "weight": 9, "email_notice": false, "short_message_notice": false, "weixin_notice": false, "handler_type": "subbmiter", "user_handler_function": null, "user_handler_sql": "", "parents": [6], "positions": [], "roles": [], "users": [], "orgunits": []}}, {"model": "rworkflow.transitionapprovalmeta", "pk": 8, "fields": {"created_at": "2020-08-13T03:26:43.777Z", "updated_at": "2020-08-13T07:16:38.781Z", "created_by": "", "updated_by": "", "name": "\u9a73\u56de", "code": "", "workflow": 2, "transition_meta": 8, "priority": 2, "weight": 9, "email_notice": false, "short_message_notice": false, "weixin_notice": false, "handler_type": "subbmiter", "user_handler_function": null, "user_handler_sql": "", "parents": [6], "positions": [], "roles": [], "users": [], "orgunits": []}}, {"model": "rworkflow.transitionapprovalmeta", "pk": 9, "fields": {"created_at": "2020-08-13T07:28:31.667Z", "updated_at": "2020-08-13T07:39:43.292Z", "created_by": "", "updated_by": "", "name": "\u5904\u7406", "code": "", "workflow": 1, "transition_meta": 2, "priority": 2, "weight": 2, "email_notice": false, "short_message_notice": false, "weixin_notice": false, "handler_type": "subbmiter", "user_handler_function": null, "user_handler_sql": null, "parents": [1, 5], "positions": [], "roles": [], "users": [], "orgunits": []}}, {"model": "rworkflow.transitionapprovalmeta", "pk": 10, "fields": {"created_at": "2020-08-13T09:10:40.573Z", "updated_at": "2020-08-13T09:16:01.109Z", "created_by": "", "updated_by": "root", "name": "\u63d0\u4ea4\u7ed9\u4e0a\u7ea7", "code": "", "workflow": 3, "transition_meta": 9, "priority": 0, "weight": 9, "email_notice": false, "short_message_notice": false, "weixin_notice": false, "handler_type": "subbmiter", "user_handler_function": "ParentPosition", "user_handler_sql": "", "parents": [], "positions": [], "roles": [], "users": [], "orgunits": []}}, {"model": "rworkflow.transitionapprovalmeta", "pk": 11, "fields": {"created_at": "2020-08-13T09:11:00.767Z", "updated_at": "2020-08-13T09:15:54.750Z", "created_by": "", "updated_by": "root", "name": "\u63d0\u4ea4\u7ed9\u603b\u7ecf\u7406", "code": "", "workflow": 3, "transition_meta": 10, "priority": 0, "weight": 9, "email_notice": false, "short_message_notice": false, "weixin_notice": false, "handler_type": "subbmiter", "user_handler_function": null, "user_handler_sql": "", "parents": [], "positions": [1], "roles": [], "users": [], "orgunits": []}}, {"model": "rworkflow.transitionapprovalmeta", "pk": 12, "fields": {"created_at": "2020-08-13T09:11:22.228Z", "updated_at": "2020-08-13T09:16:10.755Z", "created_by": "", "updated_by": "root", "name": "\u6279\u51c6", "code": "", "workflow": 3, "transition_meta": 11, "priority": 0, "weight": 9, "email_notice": false, "short_message_notice": false, "weixin_notice": false, "handler_type": "custom_function", "user_handler_function": "ParentPosition", "user_handler_sql": "", "parents": [10], "positions": [], "roles": [], "users": [], "orgunits": []}}, {"model": "rworkflow.transitionapprovalmeta", "pk": 13, "fields": {"created_at": "2020-08-13T09:11:22.259Z", "updated_at": "2020-08-13T09:16:19.953Z", "created_by": "", "updated_by": "root", "name": "\u6279\u51c6", "code": "", "workflow": 3, "transition_meta": 12, "priority": 0, "weight": 9, "email_notice": false, "short_message_notice": false, "weixin_notice": false, "handler_type": "positions", "user_handler_function": null, "user_handler_sql": "", "parents": [11], "positions": [1], "roles": [], "users": [], "orgunits": []}}, {"model": "rworkflow.transitionapprovalmeta", "pk": 14, "fields": {"created_at": "2020-08-13T09:12:04.540Z", "updated_at": "2020-08-13T09:16:33.762Z", "created_by": "", "updated_by": "root", "name": "\u9a73\u56de", "code": "", "workflow": 3, "transition_meta": 13, "priority": 0, "weight": 9, "email_notice": false, "short_message_notice": false, "weixin_notice": false, "handler_type": "custom_function", "user_handler_function": "ParentPosition", "user_handler_sql": "", "parents": [10], "positions": [], "roles": [], "users": [], "orgunits": []}}, {"model": "rworkflow.transitionapprovalmeta", "pk": 15, "fields": {"created_at": "2020-08-13T09:12:04.565Z", "updated_at": "2020-08-13T09:16:42.543Z", "created_by": "", "updated_by": "root", "name": "\u9a73\u56de", "code": "", "workflow": 3, "transition_meta": 14, "priority": 0, "weight": 9, "email_notice": false, "short_message_notice": false, "weixin_notice": false, "handler_type": "positions", "user_handler_function": null, "user_handler_sql": "", "parents": [11], "positions": [1], "roles": [], "users": [], "orgunits": []}}]